AMM13-A1,EMEA,10.109.140.13,
AMM13-A2,EMEA,10.109.142.13,
AMM13-A3,EMEA,10.109.134.13,
AMM13-A4,EMEA,10.110.40.13,
AMM13-A5,EMEA,10.110.42.13,
AMS10-A3,EMEA,10.68.193.90,
AMS13-A1,EMEA,10.93.241.90,
AMS13-A2,EMEA,10.93.248.13,
ARN12-A1,EMEA,10.55.41.90,
ATL11-A1,AMER,10.7.201.90,
ATL11-A2,AMER,10.93.44.90,
ATL12-A1,AMER,10.91.201.90,
AUS11-A1,AMER,172.26.193.90,
AUS11-A2,AMER,172.26.200.14,
AUS13-A1,AMER,10.55.65.90,
AUS13-A2,AMER,10.55.60.90,
AUS13-A3,AMER,10.55.72.90,
AUS13-A4,AMER,10.55.76.90,
AUS13-A5,AMER,10.55.80.90,
BAH12-A1,EMEA,10.219.160.92,
BCN10-A1,EMEA,10.217.184.13,
BCN10-A2,EMEA,10.217.180.13,
BCN10-A3,EMEA,10.217.188.13,
BCN10-A4,EMEA,10.218.40.13,
BCN10-A5,EMEA,10.218.44.13,
BCN13-A1,EMEA,10.107.6.13,
BER1-A1,EMEA,10.7.161.5,
BER12-A1,EMEA,10.78.129.90,
BER12-A2,EMEA,10.78.136.38,
BER12-A3,EMEA,10.78.140.38,
BER13-A1,EMEA,10.125.184.12,
BER13-A2,EMEA,10.125.188.12,
BER13-A3,EMEA,10.127.248.12,
BER13-A4,EMEA,10.127.252.12,
BER16-A1,EMEA,10.99.104.12,
BER16-A2,EMEA,10.99.108.12,
BER16-A3,EMEA,10.99.112.12,
BER16-A4,EMEA,10.99.116.12,
BER16-A5,EMEA,10.99.120.12,
BER16-A6,EMEA,10.99.124.12,
BER17-A1,EMEA,10.89.145.5,
BER18-A1,EMEA,10.89.170.15,
BER18-A2,EMEA,10.89.172.15,
BER18-A3,EMEA,10.89.174.15,
BER18-A4,EMEA,10.89.206.15,
BKK13-A1,APAC,10.127.172.13,
BLR12-A1,APAC,10.78.228.4,
BLR12-A2,APAC,10.78.220.4,
BLR12-A3,APAC,10.78.193.90,
BLR12-A4,APAC,10.78.204.4,
BLR12-A5,APAC,10.78.196.6,
BLR12-A6,APAC,10.90.212.15,
BLR13-A1,APAC,10.68.6.4,
BLR13-A2,APAC,10.68.1.90,
BLR13-A3,APAC,10.68.16.4,
BLR13-A4,APAC,10.68.24.4,
BLR13-A5,APAC,10.68.32.4,
BLR13-A6,APAC,10.68.40.4,
BLR13-A7,APAC,10.77.34.4,
BLR13-A8,APAC,10.77.42.4,
BLR13-A9,APAC,10.77.50.4,
BLR13-A10,APAC,10.29.152.4,
BLR13-A11,APAC,10.29.156.4,
BLR14-A1,APAC,10.91.57.15,
BLR14-A2,APAC,10.91.57.17,
BLR14-A3,APAC,10.91.1.90,
BLR14-A4,APAC,10.91.1.89,
BLR14-A5,APAC,10.91.35.15,
BLR14-A6,APAC,10.91.43.15,
BLR14-A7,APAC,10.91.51.15,
BLR14-A8,APAC,10.91.55.15,
BLR14-A9,APAC,10.92.112.15,
BLR14-A10,APAC,10.92.72.15,
BLR14-A11,APAC,10.92.88.15,
BLR14-A12,APAC,10.92.116.15,
BLR15-A1,APAC,10.55.142.10,
BLR18-A1,APAC,10.218.104.15,
BLR18-A2,APAC,10.218.104.17,
BLR18-A3,APAC,10.218.104.19,
BLR18-A4,APAC,10.218.97.89,
BLR18-A5,APAC,10.218.176.15,
BLR18-A6,APAC,10.218.116.15,
BLR18-A7,APAC,10.218.120.15,
BLR18-A8,APAC,10.218.216.15,
BLR18-A9,APAC,10.218.200.15,
BLR18-A10,APAC,10.218.248.15,
BLR18-A11,APAC,10.218.232.15,
BLR21-A1,APAC,10.221.193.90,
BLR21-A2,APAC,10.127.224.15,
BLR22-A1,APAC,10.110.72.13,
BLR22-A2,APAC,10.110.72.14,
BLR22-A3,APAC,10.110.72.15,
BLR22-A4,APAC,10.110.78.13,
BLR22-A5,APAC,10.110.78.14,
BLR22-A6,APAC,10.110.86.13,
BLR22-A7,APAC,10.110.170.13,
BLR22-A8,APAC,10.110.98.13,
BLR2-A1,APAC,172.27.130.19,
BLR2-A2,APAC,172.27.130.20,
BLR2-A3,APAC,172.27.130.140,
BLR2-A4,APAC,172.27.130.180,
BLR2-A6,APAC,172.27.176.29,
BLR2-A7,APAC,172.27.198.29,
BLR2-A8,APAC,172.27.192.2,
BLR2-A9,APAC,172.27.254.10,
BLR2-A10,APAC,172.27.214.11,
BLR3-A1,APAC,172.27.81.19,
BLR3-A2,APAC,172.27.84.5,
BLR3-A3,APAC,10.99.148.33,
BLR5-A1,APAC,10.10.120.94,
BLR5-A2,APAC,10.10.120.111,
BLR5-A3,APAC,10.10.120.118,
BLR7-A1,APAC,10.235.224.164,
BLR7-A2,APAC,10.235.224.166,
BNA13-A1,AMER,10.109.88.90,
BNA13-A2,AMER,10.109.76.90,
BNA13-A3,AMER,10.109.74.90,
BNA13-A4,AMER,10.109.72.90,
BNA14-A1,AMER,10.109.100.90,
BNE11-A1,APAC,10.83.241.90,
BNE11-A2,APAC,10.89.240.11,
BOG14-A1,AMER,10.108.168.13,
BOG14-A2,AMER,10.108.172.13,
BOG14-A3,AMER,10.108.176.13,
BOG14-A4,AMER,10.108.180.13,
BOM13-A1,APAC,10.77.121.90,
BOM13-A2,APAC,10.54.236.11,
BOM13-A3,APAC,10.89.120.15,
BOM14-A1,APAC,10.89.245.90,
BOS11-A1,AMER,10.29.97.90,
BOS11-A2,AMER,10.29.102.31,
BOS11-A3,AMER,10.78.52.14,
BOS11-A4,AMER,10.78.56.14,
BOS11-A5,AMER,10.77.96.90,
BOS11-A6,AMER,10.77.100.90,
BOS11-A7,AMER,10.77.102.90,
BOS12-A1,AMER,10.29.225.90,
BOS12-A2,AMER,10.29.238.250,
BOS12-A3,AMER,10.29.230.20,
BOS13-A1,AMER,10.29.25.90,
BOS14-A1,AMER,10.43.52.72,
BOS14-A2,AMER,10.43.52.73,
BOS14-A3,AMER,10.43.53.23,
BOS16-A1,AMER,10.55.146.90,
BOS16-A2,AMER,10.55.144.90,
BOS16-A3,AMER,10.55.156.90,
BOS16-A4,AMER,10.55.158.90,
BOS17-A1,AMER,10.89.106.90,
BOS17-A2,AMER,10.89.104.90,
BOS17-A3,AMER,10.89.108.90,
BOS17-A4,AMER,10.217.56.90,
BOS17-A5,AMER,10.217.60.90,
BOS20-A1,AMER,10.107.204.90,
BOS23-A1,AMER,10.219.172.90,
BOS25-A1,AMER,10.110.54.90,
BOS25-A2,AMER,10.110.56.90,
BOS25-A3,AMER,10.110.58.90,
BRS10-A1,EMEA,10.68.161.90,
BRS10-A2,EMEA,10.93.116.11,
BRU10-A2,EMEA,10.91.93.90,
BTS1-A1,EMEA,10.7.65.10,
BTS1-A2,EMEA,10.7.76.18,
BTS1-A3,EMEA,10.28.88.29,
BTS1-A4,EMEA,10.68.176.38,
BTS1-A5,EMEA,10.68.180.38,
BTS13-A1,EMEA,10.125.60.13,
BTS13-A2,EMEA,10.125.72.13,
BTS13-A3,EMEA,10.125.76.13,
BTS13-A4,EMEA,10.110.216.12,
BTS13-A5,EMEA,10.110.218.12,
BTS13-A6,EMEA,10.110.224.12,
BTS13-A7,EMEA,10.110.228.12,
BTS13-A8,EMEA,10.110.232.12,
BTS13-A9,EMEA,10.110.236.12,
BTS13-A10,EMEA,10.110.238.12,
CAG10-A1,EMEA,10.28.193.90,
CAG10-A2,EMEA,10.28.216.4,
CBG10-A1,EMEA,10.90.252.13,
CBG10-A2,EMEA,10.55.225.90,
CBG10-A3,EMEA,10.0.192.13,
CBG10-A4,EMEA,10.125.104.13,
CDG10-A1,EMEA,10.99.193.90,
CDG10-A2,EMEA,10.83.192.13,
CDG10-A3,EMEA,10.0.192.13,
CDG10-A4,EMEA,10.9.2.14,
CDG10-A5,EMEA,10.108.88.13,
CDG11-A1,EMEA,10.90.233.90,
CDG11-A2,EMEA,10.90.238.18,
CDG11-A3,EMEA,10.110.38.13,
CDG13-A1,EMEA,10.107.181.13,
CHS10-A1,EMEA,10.99.66.17,
CJB10-A1,APAC,10.55.165.90,
CJB10-A2,APAC,10.49.28.16,
CJB10-A3,APAC,10.217.88.15,
CPT10-A1,EMEA,172.31.140.38,
CPT11-A1,EMEA,10.220.76.5,
CPT11-A2,EMEA,10.220.80.5,
CPT11-A3,EMEA,10.220.72.5,
CPT11-A4,EMEA,10.220.84.5,
CPT11-A5,EMEA,10.220.88.5,
CPT11-A6,EMEA,10.220.92.5,
CPT11-A7,EMEA,10.222.104.5,
CPT12-A2,EMEA,10.217.156.5,
CPT12-A1,EMEA,10.218.20.5,
CPT13-A5,EMEA,10.220.129.90,
CPT13-A6,EMEA,10.220.136.10,
CPT13-A7,EMEA,192.0.0.12,
CPT2-A4,EMEA,172.31.173.31,
CTS10-A1,APAC,172.25.33.90,
CTS10-A2,APAC,172.25.44.29,
CTS10-A3,APAC,10.99.230.13,
CTU11-A1,APAC,10.90.136.13,
CTU11-A2,APAC,10.90.140.13,
CTU11-A3,APAC,10.90.144.13,
CTU11-A4,APAC,10.90.148.13,
CTU11-A5,APAC,10.90.152.13,
CTU11-A6,APAC,10.90.156.13,
CTU11-A7,APAC,10.90.160.13,
CTU11-A8,APAC,10.90.129.90,
CTU11-A9,APAC,10.90.164.13,
CTU11-A10,APAC,10.90.168.13,
CTU11-A11,APAC,10.90.172.13,
CTU11-A12,APAC,10.90.176.13,
CTU11-A13,APAC,10.90.180.13,
CTU11-A14,APAC,10.90.182.13,
DCA11-A1,APAC,10.28.41.90,
DCA11-A2,APAC,10.217.152.90,
DEL12-A1,APAC,172.24.17.90,
DEL17-A1,APAC,10.54.193.90,
DEL17-A2,APAC,10.89.64.15,
DEL17-A3,APAC,10.54.193.192,
DEL18-A1,APAC,10.93.97.90,
DEL18-A2,APAC,10.93.126.15,
DEL18-A3,APAC,10.93.108.15,
DEL18-A4,APAC,10.93.104.15,
DEL18-A5,APAC,10.219.128.15,
DEL19-A6,APAC,10.219.132.15,
DEL19-A1,APAC,10.55.105.90,
DEL22-A1,APAC,10.108.20.13,
DEN16-A1,AMER,172.18.84.190,
DEN16-A2,AMER,172.18.86.190,
DEN17-A1,AMER,10.108.120.90,
DEN17-A2,AMER,10.108.124.90,
DEN17-A3,AMER,10.108.116.90,
DFW11-A3,AMER,10.99.16.14,
DFW11-A4,AMER,10.99.12.14,
DFW11-A5,AMER,10.99.8.14,
DFW11-A6,AMER,10.99.1.90,
DFW11-A7,AMER,10.93.176.90,
DFW11-A8,AMER,10.93.180.90,
DFW11-A9,AMER,10.221.144.90,
DFW11-A10,AMER,10.221.148.90,
DFW5-A1,AMER,10.28.73.89,
DFW5-A2,AMER,10.28.73.189,
DFW5-A3,AMER,10.28.73.88,
DFW5-A4,AMER,10.28.73.188,
DRS10-A1,EMEA,10.28.82.32,
DRS10-A2,EMEA,10.109.92.13,
DTW10-A1,AMER,10.29.129.90,
DTW10-A2,AMER,10.29.134.15,
DTW10-A3,AMER,10.91.218.16,
DUB12-A1,EMEA,10.78.97.90,
DUB12-A2,EMEA,10.78.104.30,
DUB12-A3,EMEA,10.78.108.29,
DUB12-A4,EMEA,10.78.116.38,
DUB12-A5,EMEA,10.78.120.38,
DUB12-A6,EMEA,10.110.164.12,
DUB14-A1,EMEA,10.217.40.4,
DUB14-A2,EMEA,10.216.196.4,
DUB14-A3,EMEA,10.216.204.4,
DUB14-A4,EMEA,10.216.193.90,
DUB14-A5,EMEA,10.216.216.4,
DUB14-A6,EMEA,10.89.80.4,
DXB11-A1,EMEA,10.107.228.13,
DXB11-A2,EMEA,10.107.232.13,
DXB24-A1,EMEA,10.221.168.13,
DXB24-A2,EMEA,10.221.164.13,
DXB24-A3,EMEA,10.221.172.13,
DXB24-A4,EMEA,10.221.176.13,
DXB24-A5,EMEA,10.221.184.13,
EDI3-A1,EMEA,10.7.6.9,
EDI3-A3,EMEA,10.7.14.10,
EDI7-A1,EMEA,10.107.212.13,
EDI7-A2,EMEA,10.107.216.13,
EDI5-A1,EMEA,10.7.2.11,
EDI5-A2,EMEA,172.27.66.2,
EWR1-A1,EMEA,172.24.242.27,
EWR1-A2,EMEA,172.24.252.15,
EWR1-A3,EMEA,172.24.254.4,
EWR1-A4,EMEA,172.26.184.15,
EWR1-A5,EMEA,172.24.154.10,
EWR3-A3,EMEA,10.29.10.15,
EWR3-A4,EMEA,10.29.14.15,
EWR3-A5,EMEA,10.29.1.90,
EWR10-A1,EMEA,10.83.201.90,
EWR10-A2,EMEA,10.89.184.10,
EWR11-A1,EMEA,10.125.68.90,
EWR11-A2,EMEA,10.125.70.90,
EWR11-A3,EMEA,10.125.92.90,
GDN11-A1,EMEA,10.43.41.90,
GDN11-A2,EMEA,10.83.176.38,
GDN11-A3,EMEA,10.89.136.13,
GRU10-A1,AMER,172.25.120.14,
GRU10-A2,AMER,10.28.49.90,
GRU10-A3,AMER,10.93.156.90,
GRU10-A4,AMER,10.107.132.13,
GRU10-A5,AMER,10.107.128.13,
GRU10-A6,AMER,10.107.130.13,
GRZ11-A1,EMEA,10.91.193.90,
GSO1-A1,EMEA,10.29.70.2,
HEM11-A1,EMEA,10.54.9.13,
HFA15-A1,EMEA,10.125.230.13,
HFA15-A2,EMEA,10.125.230.15,
HFA15-A3,EMEA,10.125.232.13,
HFA15-A4,EMEA,10.125.236.13,
HFA15-A5,EMEA,10.125.240.13,
HFA15-A6,EMEA,10.125.244.13,
HFA15-A7,EMEA,10.125.248.13,
HFA15-A8,EMEA,10.125.252.13,
HFA16-A1,EMEA,10.218.49.90,
HFA16-A2,EMEA,10.218.60.13,
HKG12-A1,EMEA,10.54.33.90,
HKG12-A2,EMEA,10.93.120.13,
HKG12-A3,EMEA,10.93.122.13,
HND10-A1,APAC,10.66.1.89,
,HND10-A2,APAC,10.66.1.90
,HND11-A1,APAC,10.45.36.27
,HND11-A10,APAC,10.55.180.13
,HND11-A2,APAC,10.45.54.15
,HND11-A3,APAC,10.45.34.15
,HND11-A4,APAC,10.45.58.14
,HND11-A5,APAC,10.217.106.13
,HND11-A6,APAC,10.217.112.13
,HND11-A7,APAC,10.217.120.13
,HND11-A8,APAC,10.217.130.13
,HND11-A9,APAC,10.217.122.13
,HND14-A1,APAC,10.89.153.90
,HND17-A1,APAC,10.221.24.13
,HND17-A10,APAC,10.221.80.13
,HND17-A11,APAC,10.221.88.13
,HND17-A2,APAC,10.221.32.13
,HND17-A3,APAC,10.221.8.13
,HND17-A4,APAC,10.221.40.13
,HND17-A5,APAC,10.221.16.13
,HND17-A6,APAC,10.221.48.13
,HND17-A7,APAC,10.221.56.13
,HND17-A8,APAC,10.221.64.13
,HND17-A9,APAC,10.221.72.13
,HOU14-A1,AMER,10.222.228.90
,HSV10-A1,AMER,10.93.40.92
,HYD11-A1,APAC,10.45.65.90
,HYD11-A2,APAC,10.45.76.49
,HYD11-A3,APAC,10.45.74.15
,HYD11-A4,APAC,10.45.126.29
,HYD11-A5,APAC,10.45.118.2
,HYD11-A6,APAC,10.45.110.9
,HYD11-A7,APAC,10.84.192.11
,HYD11-A8,APAC,10.84.200.7
,HYD11-A9,APAC,10.84.208.10
,HYD13-A1,APAC,10.126.16.13
,HYD13-A2,APAC,10.126.20.13
,HYD13-A3,APAC,10.126.24.13
,HYD13-A4,APAC,10.126.28.13
,HYD13-A5,APAC,10.126.32.13
,HYD13-A6,APAC,10.126.36.13
,HYD13-A7,APAC,10.126.40.13
,HYD13-A8,APAC,10.126.44.13
,HYD13-A9,APAC,10.126.48.13
,HYD13-A10,APAC,10.126.52.13
,HYD13-A11,APAC,10.126.56.13
,HYD13-A12,APAC,10.126.60.13
,HYD13-A13,APAC,10.126.64.13
,HYD13-A14,APAC,10.126.68.13
,HYD13-A15,APAC,10.126.72.13
,HYD13-A16,APAC,10.126.76.13
,HYD13-A17,APAC,10.126.80.13
,HYD13-A18,APAC,10.126.84.13
,HYD13-A19,APAC,10.126.8.13
,HYD13-A20,APAC,10.127.0.13
,HYD13-A21,APAC,10.127.8.13
,HYD13-A22,APAC,10.127.10.13
,HYD13-A23,APAC,10.127.30.13
,HYD13-A24,APAC,10.127.32.13
,HYD13-A25,APAC,10.127.34.13
,HYD13-A26,APAC,10.127.24.13
,HYD13-A27,APAC,10.127.26.13
,HYD13-A28,APAC,10.127.28.13
,HYD13-A29,APAC,10.127.18.13
,HYD13-A30,APAC,10.127.20.13
,HYD13-A31,APAC,10.127.22.13
,HYD13-A32,APAC,10.127.12.13
,HYD13-A33,APAC,10.127.14.13
,HYD13-A34,APAC,10.127.16.13
,HYD13-A35,APAC,10.127.36.13
,HYD13-A36,APAC,10.127.38.13
,HYD13-A37,APAC,10.127.40.13
,HYD15-A1,APAC,10.54.76.13
,HYD15-A2,APAC,10.54.82.13
,HYD15-A3,APAC,10.54.65.90
,HYD15-A4,APAC,10.54.84.13
,HYD15-A5,APAC,10.54.92.20
,HYD15-A6,APAC,10.54.100.13
,HYD16-A1,APAC,10.216.1.89
,HYD16-A2,APAC,10.216.8.15
,HYD16-A3,APAC,10.216.12.15
,HYD16-A4,APAC,10.216.20.15
,HYD16-A5,APAC,10.216.28.15
,HYD16-A6,APAC,10.216.48.15
,HYD16-A7,APAC,10.216.64.15
,HYD16-A8,APAC,10.216.80.15
,HYD17-A1,APAC,10.126.136.13
,HYD17-A2,APAC,10.126.140.13
,HYD17-A3,APAC,10.126.144.13
,HYD17-A4,APAC,10.126.148.13
,HYD17-A5,APAC,10.126.152.13
,HYD17-A6,APAC,10.126.156.13
,HYD17-A7,APAC,10.126.160.13
,HYD17-A8,APAC,10.126.164.13
,HYD17-A9,APAC,10.126.168.13
,HYD17-A10,APAC,10.126.172.13
,HYD17-A11,APAC,10.126.176.13
,HYD17-A12,APAC,10.126.180.13
,HYD17-A13,APAC,10.126.184.13
,HYD17-A14,APAC,10.126.188.13
,HYD17-A15,APAC,10.126.192.13
,HYD17-A16,APAC,10.126.196.14
,HYD17-A17,APAC,10.126.200.13
,HYD17-A18,APAC,10.126.204.13
,HYD17-A19,APAC,10.127.84.13
,HYD17-A20,APAC,10.126.216.13
,HYD17-A21,APAC,10.127.68.13
,HYD17-A22,APAC,10.127.70.13
,HYD17-A23,APAC,10.127.72.13
,HYD17-A24,APAC,10.127.74.15
,HYD17-A25,APAC,10.127.74.13
,HYD17-A26,APAC,10.127.76.13
,HYD17-A27,APAC,10.127.78.13
,HYD17-A28,APAC,10.127.80.13
,HYD17-A29,APAC,10.126.208.13
,HYD17-A30,APAC,10.129.212.13
,HYD17-A31,APAC,10.127.88.13
,HYD17-A32,APAC,10.127.92.13
,HYD17-A33,APAC,10.127.200.13
,HYD17-A34,APAC,10.127.204.13
,HYD20-A1,APAC,10.221.232.15
,HYD20-A2,APAC,10.221.225.90
,HYD20-A3,APAC,10.222.36.15
,HYD20-A4,APAC,10.222.44.15
,HYD20-A5,APAC,10.127.232.15
,IAD21-A2,AMER,10.49.225.90
,IAD21-A3,AMER,10.49.238.14
,IAD21-A4,AMER,10.49.230.14
,IAD21-A5,AMER,172.25.240.4
,IAD21-A6,AMER,172.25.244.4
,IAD21-A7,AMER,172.25.248.11
,IAD21-A8,AMER,10.49.248.11
,IAD27-A1,AMER,10.77.86.13
,IAD27-A2,AMER,10.77.81.90
,IAD27-A3,AMER,10.77.88.13
,IAD28-A10,AMER,10.219.32.90
,IAD28-A11,AMER,10.219.36.90
,IAD28-A12,AMER,10.219.40.90
,IAD28-A13,AMER,10.219.44.90
,IAD28-A14,AMER,10.219.52.90
,IAD28-A15,AMER,10.219.56.90
,IAD28-A3,AMER,10.92.230.90
,IAD28-A4,AMER,10.92.225.90
,IAD28-A5,AMER,10.92.232.90
,IAD28-A6,AMER,10.92.236.90
,IAD28-A7,AMER,10.92.240.90
,IAD28-A8,AMER,10.92.244.90
,IAD28-A9,AMER,10.92.248.90
,IAD29-A1,AMER,10.55.188.123
,IAD8-A1,AMER,172.25.49.126
,IAS12-A1,EMEA,10.83.136.13
,IAS12-A2,EMEA,10.83.140.13
,IAS12-A3,EMEA,10.83.144.13
,IAS12-A4,EMEA,10.83.129.3
,IAS12-A5,EMEA,10.83.148.13
,IAS12-A6,EMEA,10.83.152.13
,IAS12-A7,EMEA,10.83.156.13
,IAS15-A1,EMEA,10.109.252.13
,IAS15-A2,EMEA,10.109.254.13
,ICN11-A1,APAC,172.26.232.2
,ICN11-A2,APAC,172.26.225.90
,ICN11-A3,APAC,10.54.128.13
,ICN11-A4,APAC,10.54.132.13
,ICN13-A1,APAC,10.221.120.13
,ICN13-A2,APAC,10.221.113.90
,IST11-A1,EMEA,10.125.88.5
,IST11-A2,EMEA,10.125.84.5
,JFK13-A1,AMER,10.28.137.90
,JFK13-A2,AMER,10.28.137.89
,JFK14-A1,AMER,10.84.225.90
,JFK14-A2,AMER,10.54.16.90
,JFK14-A3,AMER,10.84.228.245
,JFK14-A4,AMER,10.54.18.90
,JFK14-A5,AMER,10.54.22.90
,JFK14-A6,AMER,10.54.26.90
,JFK18-A1,AMER,10.91.116.90
,JFK18-A2,AMER,10.91.118.90
,JFK18-A3,AMER,10.91.120.90
,JFK18-A4,AMER,10.91.122.90
,JFK19-A1,AMER,10.219.228.90
,JFK19-A2,AMER,10.219.238.90
,JFK19-A3,AMER,10.219.240.91
,JFK19-A4,AMER,10.109.224.90
,JFK19-A5,AMER,10.109.228.90
,JFK19-A6,AMER,10.219.250.90
,JFK19-A7,AMER,10.219.252.90
,KIX10-A1,APAC,10.28.145.90
,KIX10-A2,APAC,10.90.248.13
,KIX10-A3,APAC,10.83.196.13
,LAS10-A1,AMER,172.25.148.18
,LAS10-A10,AMER,172.25.142.28
,LAS10-A11,AMER,172.25.158.28
,LAS10-A12,AMER,172.25.156.28
,LAS10-A2,AMER,172.25.146.28
,LAS10-A3,AMER,172.25.160.7
,LAS10-A4,AMER,172.25.166.26
,LAS10-A5,AMER,172.25.164.4
,LAS10-A6,AMER,172.25.144.4
,LAS10-A7,AMER,172.25.162.7
,LAS10-A8,AMER,172.25.152.7
,LAS10-A9,AMER,172.25.150.7
,LAS16-A1,AMER,10.109.84.90
,LAX10-A1,AMER,10.78.17.90
,LAX16-A1,AMER,10.55.32.90
,LAX16-A2,AMER,10.55.190.90
,LAX18-A1,AMER,10.91.108.90
,LAX18-A2,AMER,10.91.108.91
,LAX18-A3,AMER,10.49.12.90
,LBA11-A1,EMEA,10.125.168.13
,LAX19-A1,AMER,10.109.116.92
,LAX20-A1,AMER,10.92.161.90
,LAX21-A1,AMER,10.107.246.90
,LAX21-A2,AMER,10.107.244.90
,LAX21-A3,AMER,10.107.248.90
,LAX25-A1,AMER,10.107.172.90
,LGA10-A1,AMER,10.29.193.90
,LGA13-A2,AMER,10.84.129.90
,LGA3-A2,AMER,10.11.0.53
,LGA3-A3,AMER,172.24.10.20
,LGA3-A5,AMER,10.28.134.11
,LGA3-A7,AMER,10.11.0.154
,LHR10-A1,EMEA,172.27.100.17
,LHR10-A2,EMEA,172.27.100.119
,LHR13-A1,EMEA,172.24.201.90
,LHR13-A2,EMEA,172.24.201.94
,LHR14-A1,EMEA,10.28.225.90
,LHR14-A2,EMEA,10.28.34.29
,LHR14-A3,EMEA,10.68.212.38
,LHR14-A4,EMEA,10.68.216.38
,LHR14-A5,EMEA,10.68.220.38
,LHR14-A6,EMEA,10.68.208.38
,LHR14-A7,EMEA,10.28.226.45
,LHR16-A1,EMEA,10.90.126.4
,LHR16-A2,EMEA,10.90.12.4
,LHR16-A3,EMEA,10.90.32.4
,LHR16-A4,EMEA,10.90.34.4
,LHR16-A5,EMEA,10.90.36.4
,LHR16-A6,EMEA,10.90.40.4
,LHR16-A7,EMEA,10.90.16.4
,LHR16-A8,EMEA,10.90.20.4
,LHR16-A9,EMEA,10.90.24.4
,LHR16-A10,EMEA,10.90.1.90
,LHR16-A11,EMEA,10.90.48.4
,LHR16-A12,EMEA,10.90.56.4
,LHR16-A13,EMEA,10.90.64.4
,LHR16-A14,EMEA,10.90.72.4
,LHR16-A15,EMEA,10.90.80.4
,LHR16-A16,EMEA,10.222.160.4
,LHR16-A17,EMEA,10.222.152.4
,LHR16-A18,EMEA,10.222.172.4
,LHR16-A19,EMEA,10.222.170.4
,LHR16-A20,EMEA,10.222.168.4
,LHR16-A21,EMEA,10.222.144.4
,LHR16-A22,EMEA,10.222.136.4
,LHR16-A23,EMEA,10.222.128.4
,LHR17-A1,EMEA,10.68.169.90
,LHR19-A1,EMEA,10.43.38.72
,LHR19-A2,EMEA,10.49.40.10
,LHR22-A1,EMEA,10.92.60.19
,LHR22-A2,EMEA,10.49.16.19
,LHR23-A1,EMEA,10.83.169.90
,LHR32-A1,EMEA,10.222.68.15
,LHR32-A2,EMEA,10.109.120.13
,LIN11-A1,EMEA,10.92.172.15
,LIN11-A2,EMEA,10.91.225.90
,LIN11-A3,EMEA,10.91.232.13
,LIN11-A4,EMEA,10.91.236.13
,LIN11-A5,EMEA,10.91.240.13
,LIN11-A6,EMEA,10.91.244.13
,LIN11-A7,EMEA,10.91.248.13
,LIN11-A8,EMEA,10.91.252.13
,LIN11-A9,EMEA,10.92.52.13
,LIN11-A11,EMEA,10.92.58.13
,LIN11-A12,EMEA,10.92.60.13
,LIN11-A13,EMEA,10.92.62.13
,LUX12-A1,EMEA,172.24.129.90
,LUX12-A2,EMEA,172.24.134.32
,LUX12-A3,EMEA,10.77.24.39
,LUX12-A4,EMEA,172.25.28.13
,LUX14-A1,EMEA,172.25.24.38
,LUX16-A1,EMEA,10.77.68.15
,LUX16-A2,EMEA,10.77.74.13
,LUX18-A1,EMEA,10.220.33.90
,LUX18-A2,EMEA,10.220.56.13
,LUX18-A3,EMEA,10.220.40.13
,LUX18-A4,EMEA,10.220.44.13
,LUX18-A5,EMEA,10.220.48.13
,LUX18-A6,EMEA,10.220.52.13
,LUX18-A7,EMEA,10.220.160.13
,LUX18-A8,EMEA,10.220.164.13
,LUX18-A9,EMEA,10.220.168.13
,LUX18-A10,EMEA,10.220.172.13
,LUX18-A11,EMEA,10.220.58.13
,LUX18-A12,EMEA,10.220.60.13
,LUX18-A13,EMEA,10.220.62.13
,LUX19-A1,EMEA,10.93.232.13
,LUX19-A2,EMEA,10.93.225.90
,LUX19-A3,EMEA,10.93.236.13
,LUX20-A1,EMEA,10.68.156.13
,LUX20-A2,EMEA,10.68.154.13
,LUX20-A3,EMEA,10.68.150.13
,LUX20-A4,EMEA,10.68.152.13
,LUX20-A5,EMEA,10.68.158.13
,LUX20-A6,EMEA,10.83.184.13
,LUX20-A7,EMEA,10.83.186.13
,LUX20-A8,EMEA,10.83.188.13
,LUX20-A9,EMEA,10.83.190.13
,LUX20-A10,EMEA,10.83.212.13
,MAA2-A2,APAC,10.45.188.16
,MAA2-A3,APAC,10.45.198.16
,MAA2-A4,APAC,10.45.208.16
,MAA2-A5,APAC,10.45.190.36
,MAA2-A6,APAC,10.55.15.15
,MAA2-A7,APAC,10.45.252.11
,MAA2-A8,APAC,10.45.129.90
,MAA2-A9,APAC,10.45.138.33
,MAA2-A10,APAC,10.45.230.30
,MAA2-A11,APAC,10.45.240.29
,MAA2-A12,APAC,10.45.248.29
,MAA2-A13,APAC,10.45.178.4
,MAA2-A14,APAC,10.91.80.11
,MAA2-A15,APAC,10.93.136.13
,MAA2-A16,APAC,10.93.140.13
,MAA2-A17,APAC,10.93.132.13
MAA12-A1,APAC,10.216.129.90,
MAA12-A2,APAC,10.216.129.91,
MAA12-A3,APAC,10.216.136.15,
MAA12-A4,APAC,10.216.144.15,
MAA12-A5,APAC,10.216.152.15,
MAA12-A6,APAC,10.216.160.15,
MAA12-A7,APAC,10.216.168.15,
MAA12-A8,APAC,10.216.188.15,
MAA12-A9,APAC,10.218.88.15,
MAA12-A10,APAC,10.222.240.15,
MAA12-A11,APAC,10.107.32.15,
MAA12-A12,APAC,10.109.200.8,
MAA12-A13,APAC,10.109.204.8,
,MAD12-A1,EMEA,10.92.1.90
,MAD12-A2,EMEA,10.92.8.15
,MAD12-A3,EMEA,10.92.12.13
,MAD12-A4,EMEA,10.92.16.13
,MAD12-A5,EMEA,10.92.20.13
,MAD12-A6,EMEA,10.92.24.13
,MAD12-A7,EMEA,10.107.80.13
,MAD12-A8,EMEA,10.107.84.13
,MAN11-A1,EMEA,10.109.218.13
,MAN11-A2,EMEA,10.109.216.13
,MAN11-A3,EMEA,10.109.220.13
,MAN11-A4,EMEA,10.109.222.13
,MEL11-A1,APAC,10.78.153.90
,MEL11-A2,APAC,10.107.10.13
,MEL11-A3,APAC,10.110.244.13
,MEX13-A2,AMER,10.99.40.13
,MEX13-A3,AMER,10.99.38.4
,MEX13-A4,AMER,10.99.33.90
,MEX13-A5,AMER,10.55.88.90
,MEX13-A6,AMER,10.55.90.90
,MNL11-A1,APAC,10.127.180.15
,MNL12-A1,APAC,10.125.8.13
,MNL12-A2,APAC,10.125.10.13
,MNL12-A3,APAC,10.125.12.13
,MNL12-A4,APAC,10.125.4.13
,MNL12-A5,APAC,10.125.16.13
,MNL12-A6,APAC,10.125.20.13
,MNL12-A7,APAC,10.108.32.13
,MNL12-A8,APAC,10.108.36.13
,MNL12-A9,APAC,10.108.40.13
,MNL12-A10,APAC,10.108.44.13
,MNL12-A11,APAC,10.108.48.13
,MRY11-A1,AMER,172.26.113.90
,MRY11-A2,AMER,10.55.200.90
,MSN4-A1,AMER,10.29.220.210
,MSN4-A2,AMER,10.29.220.212
,MSN4-A3,AMER,10.29.218.27
,MSN5-A1,AMER,10.17.64.140
,MSP12-A1,AMER,10.92.33.90
,MSP12-A2,AMER,10.92.40.90
,MSP12-A3,AMER,10.92.44.90
,MST11-A1,AMER,10.83.249.90
,MST11-A2,AMER,10.108.192.13
,MUC11-A1,EMEA,10.28.113.90
,MUC11-A2,EMEA,10.28.114.14
,MUC11-A3,EMEA,10.83.50.14
,MUC11-A4,EMEA,10.28.126.20
,MUC11-A5,EMEA,10.28.120.20
,MUC13-A1,EMEA,10.218.56.13
,MUC13-A2,EMEA,10.218.12.13
,MUC13-A3,EMEA,10.218.1.90
,MUC13-A4,EMEA,10.218.8.13
,MUC2-A1,EMEA,10.83.8.16
,MUC2-A2,EMEA,10.83.34.25
,MUC4-A1,EMEA,10.83.38.16
,MUC4-A2,EMEA,10.83.38.25
,MUC5-A1,EMEA,10.83.42.11
,MUC5-A2,EMEA,10.83.52.38
,MUC14-A1,EMEA,10.107.160.13
,MUC14-A2,EMEA,10.107.148.13
,MUC14-A3,EMEA,10.107.152.13
,MUC14-A4,EMEA,10.107.156.13
,MUC14-A5,EMEA,10.107.158.13
,MXP11-A1,EMEA,10.83.166.72
,MXP11-A2,EMEA,10.83.166.73
,ORD10-A1,AMER,10.29.113.90
,ORD11-A1,AMER,10.89.160.90
,ORK1-A1,EMEA,10.29.70.12
,ORK1-A3,EMEA,10.29.72.20
,ORK1-A4,EMEA,10.29.70.4
,ORK10-A1,EMEA,10.29.82.10
,ORK11-A1,EMEA,10.29.80.38
,OTP11-A4,EMEA,10.220.100.15
,OTP11-A5,EMEA,10.220.104.15
,OTP11-A6,EMEA,10.220.108.15
,PDX13-A1,AMER,10.91.161.90
,PDX13-A2,AMER,10.91.164.90
,PDX13-A3,AMER,10.91.170.90
,PDX17-A1,AMER,10.125.150.90
,PDX17-A2,AMER,10.125.152.90
,PDX17-A3,AMER,10.125.154.90
,PDX17-A4,AMER,10.125.156.90
,PDX17-A5,AMER,10.125.148.90
,PEK10-A1,APAC,10.49.206.2
,PEK10-A10,APAC,10.49.194.2
,PEK10-A11,APAC,10.49.198.2
,PEK10-A12,APAC,10.49.202.2
,PEK10-A2,APAC,10.7.33.90
,PEK10-A3,APAC,10.7.40.2
,PEK10-A4,APAC,10.7.44.2
,PEK10-A5,APAC,10.7.48.2
,PEK10-A6,APAC,10.7.52.2
,PEK10-A7,APAC,10.7.56.2
,PEK10-A8,APAC,10.7.58.2
,PEK10-A9,APAC,10.7.62.2
,PEK12-A1,APAC,10.29.177.90
,PEK12-A2,APAC,10.29.177.99
,PEK12-A4,APAC,10.28.152.13
,PEK12-A5,APAC,10.93.148.13
,PEK12-A6,APAC,10.107.100.13
,PEK2-A1,APAC,172.25.76.38
,PEK2-A2,APAC,172.24.44.7
,PEK2-A3,APAC,172.24.172.40
,PEK2-A4,APAC,10.66.100.4
,PEK2-A5,APAC,10.66.104.4
,PEK2-A6,APAC,10.66.106.5
,PEK2-A7,APAC,10.66.110.4
,PEK2-A9,APAC,10.90.244.13
,PHX10-A1,AMER,10.7.108.17
,PHX11-A1,AMER,172.25.209.90
,PHX11-A2,AMER,10.54.184.90
,PHX11-A3,AMER,10.54.188.90
,PIP12-A1,AMER,172.25.118.92
,PIT10-A1,AMER,10.29.125.90
,PIT10-A2,AMER,10.220.6.90
,PNQ11-A1,APAC,10.91.185.90
,PNQ13-A1,APAC,10.89.33.90
,PNQ13-A2,APAC,10.89.40.15
,PNQ13-A3,APAC,10.89.52.13
,PRG10-A1,EMEA,10.68.129.90
,PRG10-A2,EMEA,10.68.138.38
,PRG10-A3,EMEA,10.54.160.10
,PRG10-A4,EMEA,10.54.164.10
,PRG14-A1,EMEA,10.217.1.90
,PRG14-A2,EMEA,10.217.16.15
,PRG14-A3,EMEA,10.217.24.13
,PRG14-A4,EMEA,10.89.208.13
,PRG14-A5,EMEA,10.89.216.13
,PRG14-A6,EMEA,10.89.224.13
,REG1-A2,EMEA,10.77.4.20
,RBA10-A1,EMEA,10.107.120.13
,RBA10-A2,EMEA,10.107.124.13
,RBA10-A3,EMEA,10.107.116.13
,RBA10-A4,EMEA,10.107.104.13
,SAN13-A1,AMER,10.217.161.90
,SAN13-A2,AMER,10.217.168.90
,SAN15-A1,AMER,10.55.149.90
,SAN15-A2,AMER,10.55.149.91
,SBA10-A1,AMER,10.55.118.93
,SBA10-A2,AMER,10.55.118.92
,SBA11-A1,AMER,10.83.220.13
,SBP10-A1,AMER,10.55.121.90
,SBP1-A2,AMER,10.28.105.90
,SDJ10-A1,APAC,10.66.193.90
,SEA101-A1,SLU,10.125.116.90
,SEA101-A2,SLU,10.125.118.90
,SEA101-A3,SLU,10.125.120.90
,SEA101-A4,SLU,10.125.122.90
,SEA102-A1,SLU,10.125.36.90
,SEA102-A2,SLU,10.125.38.90
,SEA102-A3,SLU,10.125.40.90
,SEA102-A4,SLU,10.125.42.90
,SEA103-A1,SLU,10.107.20.90
,SEA103-A2,SLU,10.107.20.91
,SEA115-A1,SLU,10.217.65.90
,SEA116-A1,SLU,10.221.212.90
,SEA116-A2,SLU,10.221.214.90
,SEA116-A3,SLU,10.221.216.90
,SEA116-A4,SLU,10.221.218.90
,SEA116-A5,SLU,10.221.220.90
,SEA18-A1,SLU,10.60.116.21
,SEA18-A2,SLU,10.60.164.26
,SEA18-A3,SLU,10.60.212.20
,SEA18-A4,SLU,10.78.160.30
,SEA18-A5,SLU,10.78.168.30
,SEA20-A1,SLU,10.56.152.31
,SEA20-A2,SLU,10.56.200.20
,SEA20-LL-A1,SLU,10.56.152.27
,SEA21-A1,SLU,10.56.208.31
,SEA21-LL-A1,SLU,10.56.208.22
,SEA22-A1,SLU,10.56.248.31
,SEA22-LL-A1,SLU,10.56.232.22
,SEA23-A1,SLU,10.57.72.31
,SEA23-LL-A1,SLU,10.57.56.21
,SEA24-A1,SLU,10.57.168.31
,SEA24-LL-A1,SLU,10.57.224.31
,SEA25-A1,SLU,10.58.8.31
,SEA25-LL-A1,SLU,10.57.248.31
,SEA26-A1,SLU,10.58.72.31
,SEA26-LL-A1,SLU,10.58.56.31
,SEA27-A1,SLU,10.58.184.31
,SEA27-A2,SLU,10.58.184.30
,SEA27-A3,SLU,10.58.192.16
,SEA27-LL-A1,SLU,10.58.120.31
,SEA28-A1,SLU,10.59.104.31
,SEA28-A2,SLU,10.59.104.30
,SEA28-LL-A1,SLU,10.59.40.31
,SEA29-A1,SLU,10.59.212.31
,SEA29-A2,SLU,10.59.236.31
,SEA29-LL-A1,SLU,10.60.32.16
,SEA30-A1,SLU,10.60.96.31
,SEA33-A1,SLU,10.60.248.16
,SEA33-A2,SLU,10.61.16.16
,SEA33-A3,SLU,10.61.80.16
,SEA33-A4,SLU,10.61.128.16
,SEA33-A5,SLU,10.61.152.16
,SEA33-A6,SLU,10.61.152.18
,SEA33-A7,SLU,10.60.224.27
,SEA33-A8,SLU,10.109.32.21
,SEA33-A9,SLU,10.109.40.23
,SEA35-A1,SLU,10.62.80.16
,SEA35-A2,SLU,10.62.36.16
,SEA35-A3,SLU,10.62.4.16
,SEA35-A4,SLU,10.62.100.30
,SEA36-A1,SLU,10.61.192.30
,SEA36-A2,SLU,10.61.200.17
,SEA37-A1,SLU,10.60.64.16
,SEA37-A2,SLU,10.60.80.16
,SEA38-A1,SLU,10.58.116.24
,SEA38-A2,SLU,10.58.116.26
,SEA39-A1,SLU,10.58.196.26
,SEA39-A2,SLU,10.58.196.28
,SEA39-A3,SLU,10.58.212.24
,SEA39-A4,SLU,10.58.196.30
,SEA40-A1,SLU,10.82.181.78
,SEA40-A2,SLU,10.82.181.10
,SEA40-A3,SLU,10.82.180.2
,SEA40-A4,SLU,10.82.172.95
,SEA40-A5,SLU,10.82.172.30
,SEA40-A6,SLU,10.82.32.157
,SEA40-A7,SLU,10.82.32.159
,SEA40-A8,SLU,10.82.176.30
,SEA40-A9,SLU,10.82.40.30
,SEA40-A10,SLU,10.82.52.30
,SEA40-A11,SLU,10.82.64.30
,SEA40-A12,SLU,10.82.76.30
,SEA40-A13,SLU,10.82.88.30
,SEA40-A14,SLU,10.82.100.30
,SEA40-A15,SLU,10.82.112.30
,SEA40-A16,SLU,10.82.124.30
,SEA40-A17,SLU,10.82.136.30
,SEA40-A18,SLU,10.82.148.30
,SEA40-A19,SLU,10.82.160.30
,SEA40-A20,SLU,10.82.168.30
,SEA41-A1,SLU,10.52.140.202
,SEA41-A2,SLU,10.52.140.160
,SEA41-A5,SLU,10.52.140.20
,SEA41-A6,SLU,10.52.0.111
,SEA41-A7,SLU,10.52.0.113
,SEA41-A8,SLU,10.52.4.30
,SEA41-A9,SLU,10.52.16.30
,SEA41-A10,SLU,10.52.28.30
,SEA41-A11,SLU,10.52.40.30
,SEA41-A12,SLU,10.52.52.30
,SEA41-A13,SLU,10.52.64.30
,SEA41-A14,SLU,10.52.76.30
,SEA41-A15,SLU,10.52.88.30
,SEA41-A16,SLU,10.52.100.30
,SEA41-A17,SLU,10.52.112.30
,SEA41-A18,SLU,10.52.124.30
,SEA41-A19,SLU,10.52.136.30
,SEA41-A20,SLU,10.52.12.30
,SEA42-A1,SLU,10.111.5.94
,SEA42-A2,SLU,10.111.5.152
,SEA42-A3,SLU,10.111.5.227
,SEA42-A4,SLU,10.111.5.248
,SEA42-A5,SLU,10.111.0.120
,SEA42-A6,SLU,10.111.0.122
,SEA42-A7,SLU,10.111.12.23
,SEA42-A8,SLU,10.111.24.23
,SEA42-A9,SLU,10.111.36.23
,SEA42-A10,SLU,10.111.48.23
,SEA42-A11,SLU,10.111.60.26
,SEA42-A12,SLU,10.111.72.23
,SEA42-A13,SLU,10.111.84.23
,SEA42-A14,SLU,10.111.96.23
,SEA42-A15,SLU,10.111.108.23
,SEA42-A16,SLU,10.111.120.22
,SEA42-A17,SLU,10.111.132.21
,SEA42-A18,SLU,10.111.140.22
,SEA42-A19,SLU,10.111.104.23
,SEA42-A20,SLU,10.111.5.142
,SEA42-A22,SLU,10.111.20.23
,SEA42-A23,SLU,10.111.128.22
,SEA43-A1,SLU,10.223.165.25
,SEA43-A2,SLU,10.223.165.27
,SEA43-A3,SLU,10.223.165.29
,SEA43-A4,SLU,10.111.196.16
,SEA43-A5,SLU,10.223.160.16
,SEA43-A6,SLU,10.223.160.18
,SEA43-A7,SLU,10.223.172.16
,SEA43-A8,SLU,10.223.184.16
,SEA43-A9,SLU,10.223.196.16
,SEA43-A10,SLU,10.223.208.16
,SEA43-A11,SLU,10.223.220.16
,SEA43-A12,SLU,10.223.232.16
,SEA43-A13,SLU,10.223.244.16
,SEA48-A1,SLU,10.111.196.24
,SEA48-A2,SLU,10.111.196.26
,SEA48-A3,SLU,10.111.208.16
,SEA48-A4,SLU,10.111.220.16
,SEA47-A1,SLU,10.223.96.104
,SEA47-A2,SLU,10.223.96.21
,SEA47-A3,SLU,10.223.96.23
,SEA47-A4,SLU,10.223.104.20
,SEA47-A5,SLU,10.223.116.24
,SEA46-A3,SLU,10.52.144.101
,SEA46-A4,SLU,10.52.144.103
,SEA49-A1,SLU,10.57.232.16
,SEA51-A1,SLU,10.56.48.28
,SEA51-A2,SLU,10.56.64.26
,SEA53-A1,SLU,10.57.116.26
,SEA53-A2,SLU,10.57.116.81
,SEA53-A3,SLU,10.57.164.30
,SEA53-A4,SLU,10.57.212.30
,SEA53-A5,SLU,10.58.12.30
,SEA54-A1,SLU,10.59.196.27
,SEA54-A2,SLU,10.59.196.42
,SEA54-A3,SLU,10.84.92.30
,SEA54-A4,SLU,10.84.116.30
,SEA54-A5,SLU,10.56.156.30
,SEA55-A1,SLU,10.56.244.16
,SEA55-A2,SLU,10.56.244.18
,SEA55-A3,SLU,10.59.140.31
,SEA57-A1,SLU,10.56.96.30
,SEA58-A1,SLU,10.84.4.88
,SEA58-A2,SLU,10.84.0.24
,SEA59-A1,SLU,10.56.88.26
,SEA68-A1,SLU,10.57.68.21
,SEA68-A2,SLU,10.59.76.30
,SEA68-A3,SLU,10.57.100.21
,SEA69-A1,SLU,10.68.225.90
,SEA69-A2,SLU,10.68.232.14
,SEA70-A1,SLU,10.52.142.73
,SEA70-A2,SLU,10.52.142.75
,SEA70-A3,SLU,10.77.132.30
,SEA70-A4,SLU,10.77.144.30
,SEA70-A5,SLU,10.77.156.30
,SEA70-A6,SLU,10.77.168.30
,SEA71-A1,SLU,10.52.148.92
,SEA71-A2,SLU,10.52.148.94
,SEA71-A3,SLU,10.52.152.21
,SEA71-A4,SLU,10.52.164.21
,SEA71-A5,SLU,10.77.220.21
,SEA71-A6,SLU,10.77.232.21
,SEA74-A1,SLU,10.82.184.31
,SEA74-A2,SLU,10.82.188.31
,SEA74-A4,SLU,10.82.184.14
,SEA75-A1,SLU,10.82.224.29
,SEA75-A2,SLU,10.82.228.29
,SEA76-A1,SLU,10.77.176.27
,SEA76-A2,SLU,10.77.176.29
,SEA76-A3,SLU,10.77.188.30
,SEA76-A4,SLU,10.77.200.30
,SEA76-A5,SLU,10.77.212.30
,SEA77-A1,SLU,10.56.188.29
,SEA77-A2,SLU,10.56.204.22
,SEA77-A3,SLU,10.60.48.22
,SEA78-A1,SLU,10.53.8.30
,SEA81-A1,SLU,10.53.72.146
,SEA81-A2,SLU,10.53.72.148
,SEA81-A3,SLU,10.53.80.23
,SEA81-A4,SLU,10.53.96.23
,SEA81-A5,SLU,10.53.104.21
,SEA81-A6,SLU,10.53.116.21
,SEA81-A7,SLU,10.53.128.21
,SEA81-A8,SLU,10.53.140.21
,SEA82-A1,SLU,10.53.12.130
,SEA82-A2,SLU,10.53.12.26
,SEA82-A3,SLU,10.53.12.28
,SEA82-A4,SLU,10.53.20.23
,SEA82-A5,SLU,10.53.36.23
,SEA82-A6,SLU,10.53.48.25
,SEA82-A7,SLU,10.53.60.23
,SEA83-A1,SLU,10.6.68.21
,SEA83-A2,SLU,10.223.132.22
,SEA83-A3,SLU,10.223.140.20
,SEA83-A4,SLU,10.223.148.20
,SEA83-A5,SLU,10.223.156.20
,SEA84-A1,SLU,10.6.0.145
,SEA84-A10,SLU,10.6.24.22
,SEA84-A11,SLU,10.6.28.24
,SEA84-A12,SLU,10.6.32.21
,SEA84-A2,SLU,10.6.0.164
,SEA84-A3,SLU,10.6.0.26
,SEA84-A4,SLU,10.6.0.28
,SEA84-A5,SLU,10.6.4.24
,SEA84-A6,SLU,10.6.8.21
,SEA84-A7,SLU,10.6.12.21
,SEA84-A8,SLU,10.6.16.21
,SEA84-A9,SLU,10.6.20.21
,SEA86-A2,SLU,10.6.72.21
,SEA86-A3,SLU,10.6.80.20
,SEA86-A4,SLU,10.6.88.20
,SEA88-A1,SLU,10.6.112.30
,SEA88-A2,SLU,10.6.124.82
,SEA88-A3,SLU,10.6.116.27
,SEA88-A4,SLU,10.6.120.28
,SEA89-A1,SLU,10.6.216.16
,SEA89-A2,SLU,10.6.192.100
,SEA89-A3,SLU,10.6.192.102
,SEA89-A4,SLU,10.6.168.26
,SEA89-A5,SLU,10.6.172.21
,SEA89-A6,SLU,10.6.176.25
,SEA89-A7,SLU,10.6.184.24
,SEA89-A8,SLU,10.6.192.26
,SEA89-A10,SLU,10.6.192.29
,SEA89-A11,SLU,10.6.200.24
,SEA89-A12,SLU,10.6.208.24
,SEA90-A1,SLU,10.223.0.25
,SEA90-A2,SLU,10.223.0.27
,SEA90-A3,SLU,10.223.4.22
,SEA90-A4,SLU,10.223.8.22
,SEA90-A5,SLU,10.223.12.22
,SEA90-A6,SLU,10.223.0.104
,SEA91-A1,SLU,10.223.28.110
,SEA91-A10,SLU,10.223.56.21
,SEA91-A11,SLU,10.223.60.21
,SEA91-A12,SLU,10.223.64.21
,SEA91-A2,SLU,10.223.28.82
,SEA91-A3,SLU,10.223.28.84
,SEA91-A4,SLU,10.223.32.20
,SEA91-A5,SLU,10.223.36.22
,SEA91-A6,SLU,10.223.40.20
,SEA91-A7,SLU,10.223.44.20
,SEA91-A8,SLU,10.223.48.20
,SEA91-A9,SLU,10.223.52.20
,SEA92-A1,SLU,10.107.96.13
,SEA93-A1,SLU,10.108.218.13
,SEA93-A2,SLU,10.108.220.13
,SEA93-A3,SLU,10.108.222.13
,SEA93-A4,SLU,10.108.196.13
,SEA93-A5,SLU,10.108.198.13
,SFO10-A1,AMER,10.78.40.29
,SFO10-A2,AMER,10.78.33.90
,SFO10-A3,AMER,10.78.46.50
,SFO10-A4,AMER,172.25.112.14
,SFO12-A1,AMER,10.54.180.90
,SFO12-A2,AMER,10.54.182.90
,SFO13-A1,AMER,10.48.130.90
,SFO13-A2,AMER,10.48.158.14
,SFO13-A3,AMER,10.48.138.13
,SFO13-A4,AMER,10.48.146.33
,SFO18-A1,AMER,172.26.209.90
,SFO19-A1,AMER,10.216.225.90
,SFO19-A2,AMER,10.216.232.90
,SFO19-A3,AMER,10.216.236.90
,SFO19-A4,AMER,10.216.238.90
,SFO19-A5,AMER,10.216.240.90
,SFO19-A6,AMER,10.216.242.90
,SFO19-A7,AMER,10.216.230.90
,SFO19-A8,AMER,10.216.230.91
,SFO22-A1,AMER,10.78.1.90
,SFO23-A1,AMER,10.54.57.90
,SFO24-A1,AMER,10.55.113.90
,SFO28-A1,AMER,10.219.104.90
,SFO28-A2,AMER,10.219.106.90
,SFO28-A3,AMER,10.219.100.90
,SFO28-A4,AMER,10.219.108.90
,SFO28-A5,AMER,10.219.112.90
,SFO28-A6,AMER,10.219.116.90
,SFO28-A7,AMER,10.219.105.90
,SFO28-A8,AMER,10.107.192.90
,SFO36-A1,AMER,10.93.33.90
,SHA11-A1,APAC,10.99.188.2
,SHA11-A2,APAC,10.99.177.90
,SHA12-A1,APAC,10.93.76.13
,SHA12-A2,APAC,10.93.65.90
,SHA12-A3,APAC,10.93.74.13
,SIN11-A1,APAC,10.66.113.90
,SIN11-A2,APAC,10.107.72.15
,SIN1-A1,APAC,10.222.78.11
,SIN1-A2,APAC,172.27.73.90
,SIN1-A4,APAC,10.78.150.38
,SIN1-A5,APAC,10.222.72.11
,SIN1-A6,APAC,10.222.74.11
,SIN1-A7,APAC,10.222.76.11
,SIN15-A1,APAC,10.110.176.92
,SJC10-A1,AMER,10.49.68.7
,SJC10-A2,AMER,10.49.92.17
,SJC10-A3,AMER,10.49.108.10
,SJC10-A4,AMER,10.49.68.8
,SJC11-A1,AMER,10.68.66.60
,SJC11-A2,AMER,10.68.66.62
,SJC11-A3,AMER,10.68.68.29
,SJC11-A4,AMER,10.68.68.31
,SJC11-A5,AMER,10.68.86.29
,SJC11-A6,AMER,10.68.104.29
,SJC12-A2,AMER,10.55.36.92
,SJC13-A1,AMER,10.78.82.12
,SJC13-A2,AMER,10.78.82.14
,SJC13-A3,AMER,10.78.86.12
,SJC13-A4,AMER,10.78.86.14
,SJC13-A5,AMER,10.125.192.90
,SJC13-A6,AMER,10.125.196.90
,SJC13-A7,AMER,10.125.200.90
,SJC13-A8,AMER,10.125.204.90
,SJC13-A9,AMER,10.125.208.90
,SJC14-A1,AMER,10.220.2.90
,SJC14-A10,AMER,10.219.220.90
,SJC14-A11,AMER,10.219.218.90
,SJC14-A12,AMER,10.219.176.90
,SJC14-A13,AMER,10.219.180.90
,SJC14-A14,AMER,10.219.184.90
,SJC14-A15,AMER,10.219.182.90
,SJC14-A2,AMER,10.219.193.90
,SJC14-A3,AMER,10.219.200.90
,SJC14-A4,AMER,10.219.202.90
,SJC14-A5,AMER,10.219.204.90
,SJC14-A6,AMER,10.219.208.90
,SJC14-A7,AMER,10.219.206.90
,SJC14-A8,AMER,10.219.212.90
,SJC14-A9,AMER,10.219.216.90
,SJC15-A3,AMER,10.78.65.90
,SJC15-A4,AMER,10.78.72.14
,SJC15-A5,AMER,10.78.78.14
,SJC18-A1,AMER,10.92.198.90
,SJC18-A2,AMER,10.92.193.90
,SJC18-A3,AMER,10.92.200.90
,SJC18-A4,AMER,10.92.204.90
,SJC18-A5,AMER,10.92.208.90
,SJC18-A6,AMER,10.92.212.90
,SJC18-A7,AMER,10.92.216.90
,SJC18-A8,AMER,10.92.220.90
,SJC1-A1,AMER,10.83.233.90
,SJC1-A2,AMER,10.83.238.9
,SJC20-A1,AMER,10.55.160.90
,SJC24-A1,AMER,10.55.252.72
,SJC24-A2,AMER,10.55.252.73
,SJC25-A1,AMER,10.219.76.90
,SJC25-A2,AMER,10.219.88.90
,SJC25-A3,AMER,10.219.70.90
,SJC25-A4,AMER,10.219.74.90
,SJC25-A5,AMER,10.219.80.90
,SJC25-A6,AMER,10.219.84.90
,SJC26-A1,AMER,10.220.185.90
,SJC26-A2,AMER,10.220.190.90
,SJC29-A1,AMER,10.107.60.91
,SJC29-A2,AMER,10.107.60.90
,SJC29-A3,AMER,10.107.60.92
,SJC3-A1,AMER,172.26.134.39
,SJC3-A2,AMER,172.26.132.42
,SJC3-A3,AMER,172.26.132.43
,SJC3-A4,AMER,172.26.134.40
,SJC3-A5,AMER,172.26.134.18
,SJC31-A1,AMER,10.7.132.90
,SJC31-A2,AMER,10.7.134.90
,SJC31-A3,AMER,10.7.136.90
,SJC31-A4,AMER,10.7.140.90
,SJC31-A5,AMER,10.7.144.90
,SJC31-A6,AMER,10.7.148.90
,SJC31-A7,AMER,10.7.152.90
,SJC31-A8,AMER,10.7.150.90
,SJC31-A9,AMER,10.7.156.90
,SJC31-A10,AMER,10.55.96.90
,SJC31-A11,AMER,10.55.98.90
,SJC31-A12,AMER,10.55.100.90
,SJC31-A13,AMER,10.55.102.90
,SJC31-A14,AMER,10.109.176.90
,SJC31-A15,AMER,10.109.178.90
,SJO10-A1,AMER,10.99.25.90
,SJO10-A2,AMER,10.54.168.90
,SJO10-A3,AMER,10.55.48.90
,SJO11-A1,AMER,10.91.129.90
,SJO11-A2,AMER,10.91.144.90
,SJO11-A3,AMER,10.91.152.90
,SJO11-A4,AMER,10.91.156.90
,SJO11-A5,AMER,10.91.158.13
,SJO11-A6,AMER,10.108.152.13
,SJO11-A7,AMER,10.108.148.13
,SJO11-A8,AMER,10.108.144.13
,SJO11-A9,AMER,10.108.140.13
,SJO11-A10,AMER,10.108.136.13
,SJO11-A11,AMER,10.108.132.13
,SJO11-A12,AMER,10.108.128.13
,SJO14-A1,AMER,10.93.161.90
,SJO15-A1,AMER,10.93.193.90
,SJO15-A2,AMER,10.93.200.90
,SJO16-A1,AMER,10.222.10.13
,SJO16-A2,AMER,10.222.20.13
,SJO16-A3,AMER,10.222.24.13
,SJO16-A4,AMER,10.222.12.13
,SJO16-A5,AMER,10.222.16.13
,SJO16-A6,AMER,10.222.28.13
,SJO18-A1,AMER,10.217.81.90
,SJO1-A1,AMER,172.24.234.9
,SJO1-A3,AMER,172.24.234.160
,SJO3-A1,AMER,10.29.36.20
,SJO4-A1,AMER,10.29.160.19
,SJO5-A1,AMER,10.29.162.17
,SJO5-A2,AMER,10.84.164.9
,SNA11-A1,AMER,172.26.105.90
,SNA11-A2,AMER,172.26.122.4
,SNA12-A1,AMER,10.99.232.2
,SNA13-A1,AMER,10.93.17.90
,SNA15-A1,AMER,10.220.194.90
,SNA3-A1,AMER,172.26.60.40
,SNA3-A2,AMER,172.26.62.239
,SNA3-A3,AMER,10.44.4.25
,SNA3-A4,AMER,10.44.14.13
,SNA3-A5,AMER,10.93.8.90
,SNA3-A6,AMER,10.93.1.90
,SYD12-A1,APAC,10.44.30.2
,SYD12-A2,APAC,10.54.146.13
,SYD12-A3,APAC,10.54.142.13
,SYD12-A4,APAC,10.54.138.13
,SYD12-A5,APAC,10.54.152.13
,SYD12-A6,APAC,10.44.25.90
,SYD12-A7,APAC,10.91.88.13
,SYD12-A8,APAC,10.93.80.11
,SYD12-A9,APAC,10.93.88.11
,SYD12-A10,APAC,10.93.84.11
,SYD12-A11,APAC,10.44.28.13
,SYD15-A1,APAC,10.108.68.13
,SYD15-A2,APAC,10.108.72.13
,SZX11-A1,APAC,10.44.17.90
,SZX13-A1,APAC,10.55.176.13
,SZX13-A2,APAC,10.55.178.13
,SZX13-A3,APAC,10.55.169.90
,SZX14-A1,APAC,10.92.129.90
,SZX14-A2,APAC,10.92.136.13
,SZX14-A3,APAC,10.92.140.13
,SZX2-A2,APAC,172.25.196.20
,SZX3-A1,APAC,10.7.228.23
,SZX21-A1,APAC,10.110.186.5
,SZX21-A2,APAC,10.110.186.132
,TLV14-A1,EMEA,10.220.225.90
,TLV14-A2,EMEA,10.220.232.19
,TLV14-A3,EMEA,10.220.230.19
,TLV14-A4,EMEA,10.220.236.19
,TLV14-A5,EMEA,10.220.240.19
,TLV14-A6,EMEA,10.220.244.19
,TLV14-A7,EMEA,10.220.248.13
,TLV14-A8,EMEA,10.222.92.13
,TLV14-A9,EMEA,10.109.104.13
,TPE11-A1,APAC,10.77.113.90
,TPE11-A2,APAC,10.92.168.13
,TPE14-A1,APAC,10.54.4.13
,TRB-A1,SLU,10.56.112.93
,TRB-A2,SLU,10.56.112.68
,TRN10-A1,EMEA,172.24.4.100
,TXL1-A1,EMEA,172.24.38.40
,TXL1-A2,EMEA,172.24.32.189
,TXL1-A3,EMEA,172.24.34.11
,TXL1-A4,EMEA,172.24.32.230
,WAS14-A1,AMER,10.109.148.90
,WAS15-A1,AMER,10.66.134.90
,WAS15-A2,AMER,10.66.412.90
,WAS15-A3,AMER,10.66.148.90
,WAS15-A4,AMER,10.66.154.90
,WAS25-A1,AMER,10.109.166.90
,WBU11-A1,EMEA,10.222.236.90
,WBU11-A2,EMEA,10.222.252.90
,YVR11-A1,AMER,172.26.166.14
,YVR11-A2,AMER,172.26.170.14
,YVR11-A3,AMER,172.26.174.14
,YVR11-A4,AMER,172.26.161.90
,YVR11-A5,AMER,172.26.178.14
,YVR11-A6,AMER,172.26.182.14
,YVR11-A7,AMER,172.26.154.14
,YVR15-A1,AMER,10.92.148.90
,YVR15-A2,AMER,10.92.152.90
,YVR15-A3,AMER,10.92.154.90
,YVR15-A4,AMER,10.92.156.90
,YVR15-A5,AMER,10.92.158.90
,YVR19-A1,AMER,172.25.200.94
,YVR20-A1,AMER,10.125.136.90
,YVR20-A2,AMER,10.125.132.90
,YVR20-A3,AMER,10.125.138.90
,YVR20-A4,AMER,10.125.140.90
,YWG11-A1,AMER,10.127.244.90
,YYJ1-A1,AMER,10.29.57.90
,YYZ14-A1,AMER,10.84.152.4
,YYZ14-A2,AMER,10.84.156.4
,YYZ14-A3,AMER,10.84.145.90
,YYZ14-A4,AMER,10.84.136.4
,YYZ14-A5,AMER,10.84.140.4
,YYZ16-A1,AMER,10.219.10.90
,YYZ16-A2,AMER,10.219.16.90
,YYZ16-A3,AMER,10.219.20.90
,YYZ16-A4,AMER,10.219.8.90
,YYZ16-A5,AMER,10.219.14.90
,ZRH13-A1,EMEA,10.49.14.68
